{
  "app-entwickler": "12343",
  "app-entwickler-name": "ondics-gmbh",
  "name-in-url": "generic",
  "name": "Generic Open Data App",
  "version": "1.0.0",
  "odas-app-icon": "assets/odas-app-icon.png",
  "app-icon": "assets/app-icon.png",
  "kurzbeschreibung": "Diese Open Data App ist Anschauungsobjekt und Musterbeispiel für weitere Apps.",
  "beschreibung": [
    "Die Open Data App ist Musterbeispiel für weitere Apps. Inhaltlich macht sie ",
    "fast nichts, sondern zeigt nur die Config Daten an. ",
    "Die Daten werden aus einem Open Data Portal bezogen. ",
    ""
  ],
  "screenshots": [
    "/assets/Desktop_Screenshot.png",
    "/assets/Mobile_Screenshot.png"
  ],
  "api-version": "1",
  "instanz-config": {
    "seitentitel": {
      "label": "Seitentitel",
      "hilfe": "Der Seitentitel wird im Browser-Tab der App angezeigt",
      "default": "Generic ODA",
      "format": {
        "typ": "string",
        "laenge": 50
      },
      "erforderlich": "ja"
    },
    "lizenz": {
      "label": "Lizenz",
      "hilfe": "Angabe der Lizenz, die für die Nutzung der App gilt.",
      "default": "Open Software License (OSL)",
      "format": {
        "typ": "string",
        "laenge": 50
      },
      "erforderlich": "ja"
    },
    "titel": {
      "label": "Titel",
      "hilfe": "Der Titel wird in der Titelzeile der App angezeigt",
      "default": "Generic Open Data App",
      "format": {
        "typ": "string",
        "laenge": 50
      },
      "erforderlich": "ja"
    },
    "icon": {
      "label": "App-Icon",
      "hilfe": "Das Icon wird links oben in der Titelzeile angezeigt",
      "format": {
        "typ": "image",
        "hoehe": 100,
        "breite": 300
      },
      "erforderlich": "ja"
    },
    "kontakt": {
      "label": "Kontakt",
      "hilfe": "Der Text wird im Menüpunkt 'Kontakt' anzeigt",
      "format": {
        "typ": "markdown"
      },
      "default": [
        "Bei Fragen zur App wenden Sie sich bitte an: ",
        "Tel.: <a href='tel:{{anbieter.telcode}}'>{{anbieter.tel}}</a>",
        "Fax: <a href='tel:{{anbieter.fax}}'>{{anbieter.faxcode}}</a>",
        "E-Mail: <a href='mailto:{{anbieter.email}}'>{{anbieter.email}}</a>"
      ],
      "erforderlich": "ja"
    },
    "beschreibung": {
      "label": "Beschreibung",
      "hilfe": "Der Text wird im Menüpunkt 'Über diese App' anzeigt",
      "format": {
        "typ": "markdown"
      },
      "default": [
        "Die Generic-App zeigt die jeweils definierten Configs.",
        "Die Daten werden tagesaktuell gehalten. Bei Änderungen versuchen wir, ",
        "den Datenbestend immer sofort zu aktualisieren.\n ",
        "## App-Anbieter",
        "Die App wird bereit gestellt von <a href=\"{{anbieter.url}}\"><{{anbieter.name}}>",
        "## Daten",
        "Die Daten kommen aus  unserem Open Data Portal <a href=\"{{odp.url}}\"><{{odp.name}}>",
        "Die Datenquelle ist in unserem Open Data Portal <a href=\"{{appinstanz.datensatz-url}}\"><{{appinstanz.datensatz-name}}>.",
        "## App-Entwickler",
        "Die App wurde entwickelt von <a href=\"{{app.developer-url}}\"><{{app.developer-name}}>. App-Version: {{app.version}}.",
        "## Open Data App Store",
        "Der Open Data App Store betrieben von <a href=\"{{odas.betreiber.url}}\"><{{odas.betreiber.name}}>\""
      ],
      "erforderlich": "ja"
    },
    "impressum": {
      "label": "Impressum",
      "hilfe": "Der Text wird im Menüpunkt 'Impressum' anzeigt",
      "format": {
        "typ": "markdown"
      },
      "default": [
        "{{anbieter.name}}",
        "{{anbieter.kontakt-bezeichnung}}",
        "{{anbieter.strasse}}",
        "{{anbieter.plzort}}",
        "Telefon: {{anbieter.tel}}",
        "Fax: {{anbieter.fax}}",
        "Website: <a href='{{anbieter.url-extern}}' target='_blank'>{{anbieter.url-extern}}</a>"
      ],
      "erforderlich": "ja"
    },
    "datenschutz": {
      "label": "Datenschutz",
      "hilfe": "Der Text wird im Menüpunkt 'Datenschutz' anzeigt",
      "format": {
        "typ": "markdown"
      },
      "default": "Alle Daten sind geschützt.",
      "erforderlich": "ja"
    },
    "urlDaten": {
      "label": "URL zum Datensatz im ODP",
      "hilfe": "Der Datensatz im Open Data Portal mit den Daten der Generic App",
      "format": {
        "typ": "url"
      },
      "default": "",
      "beispiel": "",
      "erforderlich": "ja"
    },
    "fusszeile": {
      "label": "Fußzeile",
      "hilfe": "Wird auf der Website unten in der Fusszeile angezeigt.",
      "format": {
        "typ": "String",
        "laenge": 50
      },
      "default": "(C) Copyright {{jahr}} | App & Daten: {{anbieter.name}} | App-Entwickler: {{app.developer.name}} | ODAS: {{odas.betreiber.name}}",
      "erforderlich": "ja"
    },
    "apiUrl": {
      "label": "URL zur Datensatz-API",
      "hilfe": "Von dieser API-URL zum Datensatz werden die Ressoucen bezogen",
      "format": {
        "typ": "url"
      },
      "default": "",
      "beispiel": "",
      "erforderlich": "ja"
    },
    "sprache": {
      "label": "Sprache der App",
      "hilfe": "Angabe der App-Sprache",
      "format": {
        "typ": "dropdown",
        "optionen": ["de"],
        "default": "de"
      },
      "erforderlich": "ja"
    }
  }
}
